ImageId,id,WKT,Confidence
img1,0,"POLYGON ((999.4021273562685 982.1907845423557, 999.4021273562685 1000.467303468846, 989.1838917736895 1000.467303468846, 989.1838917736895 991.1628938339418, 986.9408644521609 991.1628938339418, 986.9408644521609 988.1721907365136, 989.1838917736895 988.1721907365136, 989.1838917736895 982.1907845423557, 999.4021273562685 982.1907845423557))",1
img1,1,"POLYGON ((322.536787211895 236.8657582522137, 305.9217700054869 236.8657582522137, 305.9217700054869 227.1182814904023, 322.536787211895 227.1182814904023, 322.536787211895 236.8657582522137))",1
img1,2,"POLYGON ((459.4530672715046 610.9551783057395, 446.3272036793642 610.9551783057395, 446.3272036793642 601.5676935830852, 459.4530672715046 601.5676935830852, 459.4530672715046 610.9551783057395))",1
img1,3,"POLYGON ((326.8218418597244 843.9490409023128, 319.9543014131486 843.9490409023128, 319.9543014131486 828.2201579469256, 326.8218418597244 828.2201579469256, 326.8218418597244 843.9490409023128))",1
img1,4,"POLYGON ((485.8861750606447 716.2390040021855, 478.4094173186459 716.2390040021855, 478.4094173186459 702.1162393762497, 485.8861750606447 702.1162393762497, 485.8861750606447 716.2390040021855))",1
img1,5,"POLYGON ((537.8727639503777 959.5836536807474, 529.676022128202 959.5836536807474, 529.676022128202 947.177774165757, 537.8727639503777 947.177774165757, 537.8727639503777 959.5836536807474))",1
img1,6,"POLYGON ((843.028692943044 988.2098052890506, 843.028692943044 999.7295505508082, 836.714986404404 999.7295505508082, 836.714986404404 996.5105294198729, 828.9044052660465 996.5105294198729, 828.9044052660465 992.9106090269051, 836.714986404404 992.9106090269051, 836.714986404404 988.2098052890506, 843.028692943044 988.2098052890506))",1
img1,7,"POLYGON ((305.7002364415675 226.4536808038829, 290.8574877376668 226.4536808038829, 290.8574877376668 220.9153417341877, 305.7002364415675 220.9153417341877, 305.7002364415675 226.4536808038829))",1
img1,8,"POLYGON ((853.4530931916088 580.1451211456442, 844.0379167762585 580.1451211456442, 844.0379167762585 575.7144498933339, 850.756060524378 575.7144498933339, 850.756060524378 568.1456634204369, 855.6574906003661 568.1456634204369, 855.6574906003661 577.0346976261353, 853.4530931916088 577.0346976261353, 853.4530931916088 580.1451211456442))",1
img1,9,"POLYGON ((244.4252411560155 733.4982717062812, 234.7885311753489 733.4982717062812, 234.7885311753489 727.3507153406972, 241.9052163767628 727.3507153406972, 241.9052163767628 723.9068344583502, 244.4528523474 723.9068344583502, 244.4528523474 728.1159721484873, 244.4252411560155 728.1159721484873, 244.4252411560155 733.4982717062812))",1
img1,10,"POLYGON ((628.0807691807859 750.1236700962763, 618.0286837695166 750.1236700962763, 618.0286837695166 743.4776632137364, 628.0807691807859 743.4776632137364, 628.0807691807859 750.1236700962763))",1
img1,11,"POLYGON ((386.0456929453649 783.2085093203932, 397.1223710835911 783.2085093203932, 397.1223710835911 789.1899155162973, 386.0456929453649 789.1899155162973, 386.0456929453649 783.2085093203932))",1
img1,12,"POLYGON ((340.2957365522161 1004.963653397514, 331.9882279494777 1004.963653397514, 331.9882279494777 996.9884451384423, 340.2957365522161 996.9884451384423, 340.2957365522161 1004.963653397514))",1
img1,13,"POLYGON ((972.6206118757837 185.2943601929583, 972.6206118757837 195.1526037364965, 979.1558519778773 195.1526037364965, 979.1558519778773 198.9186743025202, 972.6206118757837 198.9186743025202, 969.7406755597331 198.9186743025202, 969.7406755597331 185.2943601929583, 972.6206118757837 185.2943601929583))",1
img1,14,"POLYGON ((734.285759112332 192.1085941272322, 734.285759112332 197.2038660721155, 733.1780912983231 197.2038660721155, 733.1780912983231 197.6469331977423, 737.7195293344557 197.6469331977423, 737.7195293344557 200.9699366376735, 733.1780912983231 200.9699366376735, 727.8405170193873 200.9699366376735, 727.8405170193873 198.2007671009051, 725.978250507731 198.2007671009051, 725.978250507731 195.7638979128096, 729.52278751228 195.7638979128096, 729.52278751228 196.8646428040229, 730.0766214197502 196.8646428040229, 730.0766214197502 192.1085941272322, 734.285759112332 192.1085941272322))",1
img1,15,"POLYGON ((331.3236272614449 1006.625155117945, 324.5114702056162 1006.625155117945, 324.5114702056162 997.3207454812946, 331.3236272614449 997.3207454812946, 331.3236272614449 1006.625155117945))",1
img1,16,"POLYGON ((243.7269489057362 681.0665849776706, 238.9085939158686 681.0665849776706, 238.9085939158686 667.9407213848317, 243.7269489057362 667.9407213848317, 243.7269489057362 681.0665849776706))",1
img1,17,"POLYGON ((238.9422854781151 753.4362923545996, 238.9422854781151 756.9254459693329, 241.766838402953 756.9254459693329, 241.766838402953 761.7438009587349, 231.4655277351849 761.7438009587349, 231.4655277351849 756.9254459693329, 235.120831519831 756.9254459693329, 235.120831519831 753.4362923545996, 238.9422854781151 753.4362923545996))",1
img1,18,"POLYGON ((584.826341050677 819.712900497485, 574.857330725994 819.712900497485, 574.857330725994 813.3991939569823, 584.826341050677 813.3991939569823, 584.826341050677 819.712900497485))",1
img1,19,"POLYGON ((416.0269849803299 786.5130993876373, 407.0271839923225 786.5130993876373, 407.0271839923225 779.8670925066108, 416.0269849803299 779.8670925066108, 416.0269849803299 786.5130993876373))",1
img1,20,"POLYGON ((321.8721865238622 221.1368752974086, 308.8017063201405 221.1368752974086, 308.8017063201405 216.7062040434685, 321.8721865238622 216.7062040434685, 321.8721865238622 221.1368752974086))",1
img1,21,"POLYGON ((311.2025763043202 562.3147154293256, 309.9267917503603 566.833119058283, 298.1578212287277 563.5101156185847, 299.4336057826877 558.9917119881138, 311.2025763043202 562.3147154293256))",1
img1,22,"POLYGON ((602.8813264160417 861.2504435143201, 598.3398883803748 861.2504435143201, 598.3398883803748 853.829069162719, 600.1121568819508 853.829069162719, 600.1121568819508 850.5060657185968, 605.5397291691042 850.5060657185968, 605.5397291691042 855.9336380060995, 602.8813264160417 855.9336380060995, 602.8813264160417 861.2504435143201))",1
img1,23,"POLYGON ((610.1614225134254 718.236313097761, 610.4937228560448 720.2301151632564, 613.8167262976058 720.0085816017818, 612.0444577950984 725.325387104298, 604.5123166623525 725.8792210110696, 601.7431471268646 720.6731822892325, 603.1831152853556 719.4547476937296, 605.176917350851 721.5593165386235, 607.1707194144838 721.4485497577116, 607.3922529770061 718.3470798793714, 610.1614225134254 718.236313097761))",1
img1,24,"POLYGON ((696.1386488280259 861.7867393494816, 690.6003097598441 861.7867393494816, 690.6003097598441 851.6792705488624, 696.1386488280259 851.6792705488624, 696.1386488280259 861.7867393494816))",1
img1,25,"POLYGON ((65.48865952994674 743.3941298048012, 65.48865952994674 747.9632595366566, 69.08857992431149 747.9632595366566, 69.08857992431149 751.7016384060262, 63.96561628673226 751.7016384060262, 63.55024085566401 751.7016384060262, 58.98111112276092 751.7016384060262, 58.98111112276092 747.8248010596726, 61.61182218138129 747.8248010596726, 61.61182218138129 743.3941298048012, 65.48865952994674 743.3941298048012))",1
img1,26,"POLYGON ((249.7438927753828 1003.966752365115, 243.0978858936578 1003.966752365115, 243.0978858936578 995.825393932173, 249.7438927753828 995.825393932173, 249.7438927753828 1003.966752365115))",1
img1,27,"POLYGON ((294.1804911778308 215.3770026643761, 284.4330144179985 215.3770026643761, 284.4330144179985 209.8386635966599, 294.1804911778308 209.8386635966599, 294.1804911778308 215.3770026643761))",1
img1,28,"POLYGON ((344.9091386478394 270.1389455603203, 344.9091386478394 272.197592344135, 344.9215999082662 272.197592344135, 344.9215999082662 280.6712511193473, 339.6047944016755 280.6712511193473, 339.6047944016755 272.197592344135, 341.2538348617963 272.197592344135, 341.2538348617963 270.1389455603203, 344.9091386478394 270.1389455603203))",1
img1,29,"POLYGON ((683.5733112860471 450.8113349572523, 674.0889056306332 450.8113349572523, 674.0889056306332 445.4114543658216, 683.5733112860471 445.4114543658216, 683.5733112860471 450.8113349572523))",1
img1,30,"POLYGON ((977.1668959720992 1002.971925002756, 964.7610164582729 1002.971925002756, 964.7610164582729 998.9843208717648, 977.1668959720992 998.9843208717648, 977.1668959720992 1002.971925002756))",1
img1,31,"POLYGON ((641.5977779561654 978.981686269748, 636.2809724514373 978.981686269748, 636.2809724514373 969.8434268039418, 641.5977779561654 969.8434268039418, 641.5977779561654 978.981686269748))",1
img1,32,"POLYGON ((585.7368856887333 868.1254601333058, 585.4784298660234 874.3623683704063, 576.0780223528855 867.1507124574855, 578.3819714062847 863.6061754537513, 585.7368856887333 868.1254601333058))",1
img1,33,"POLYGON ((573.1958290073089 815.7252963660285, 558.2423135214485 815.7252963660285, 558.2423135214485 812.5130597073585, 573.1958290073089 812.5130597073585, 573.1958290073089 815.7252963660285))",1
img1,34,"POLYGON ((114.9183357199654 779.3933337532217, 114.9183357199654 782.5778787173331, 109.1030796975829 782.5778787173331, 105.641617778223 782.5778787173331, 105.641617778223 776.208788786782, 109.1030796975829 776.208788786782, 109.1030796975829 779.3933337532217, 112.7030000905506 779.3933337532217, 112.7030000905506 776.0703303096816, 114.9183357199654 776.0703303096816, 114.9183357199654 779.3933337532217))",1
img1,35,"POLYGON ((468.7391154319048 785.9356906210305, 465.3758593769744 789.8066079668934, 458.3572995364666 783.7085149922641, 461.720555591397 779.8375976431416, 468.7391154319048 785.9356906210305))",1
img1,36,"POLYGON ((656.0216897809878 665.8439953129273, 656.0216897809878 672.3515437210444, 657.7939582853578 672.3515437210444, 657.7939582853578 678.3744874567492, 653.8063541548327 678.3744874567492, 653.8063541548327 672.3515437210444, 652.4217693875544 672.3515437210444, 652.4217693875544 665.8439953129273, 656.0216897809878 665.8439953129273))",1
img1,37,"POLYGON ((798.259990609251 844.0498392602894, 792.167817633599 844.0498392602894, 792.167817633599 836.2961645632749, 798.259990609251 836.2961645632749, 798.259990609251 844.0498392602894))",1
img1,38,"POLYGON ((131.9138024691492 231.1054241071688, 131.9138024691492 232.9053843062138, 133.7137626679614 232.9053843062138, 133.7137626679614 241.766726814094, 132.0522609464824 241.766726814094, 132.0522609464824 242.597477675532, 127.7600481668487 242.597477675532, 127.7600481668487 239.828308142256, 129.9753837944008 239.828308142256, 129.9753837944008 233.874593640794, 129.0061744586565 233.874593640794, 129.0061744586565 231.1054241071688, 131.9138024691492 231.1054241071688))",1
img1,39,"POLYGON ((491.9598869075999 752.2566690805834, 486.3610452348366 760.1407522527734, 482.4339437098242 757.3519410232548, 488.0327853821218 749.4678578504827, 491.9598869075999 752.2566690805834))",1
img1,40,"POLYGON ((125.6083751013502 390.0778671323787, 125.6083751013502 394.7144759664079, 122.6354214148596 394.7144759664079, 122.6354214148596 390.0778671323787, 119.7532051135786 390.0778671323787, 119.7532051135786 384.5386819565902, 125.6718659959733 384.5386819565902, 125.6718659959733 390.0778671323787, 125.6083751013502 390.0778671323787))",1
img1,41,"POLYGON ((75.32511916570365 202.2550279854331, 64.42282271850854 202.2550279854331, 64.42282271850854 197.9943604075816, 75.32511916570365 197.9943604075816, 75.32511916570365 202.2550279854331))",1
img1,42,"POLYGON ((555.7984752408229 391.9807897256687, 555.7984752408229 395.8576270737685, 552.5862385812216 395.8576270737685, 552.5862385812216 391.9807897256687, 550.7032032967545 391.9807897256687, 550.7032032967545 397.2975952298148, 547.9340337640606 397.2975952298148, 547.9340337640606 391.3161890361225, 549.1524683577009 391.3161890361225, 549.1524683577009 389.2116201908793, 555.7984752408229 389.2116201908793, 555.7984752408229 389.7654540945077, 555.7984752408229 391.9807897256687))",1
img1,43,"POLYGON ((511.9064458222128 668.5599044862902, 503.2666368754581 668.5599044862902, 503.2666368754581 663.2430989794666, 511.9064458222128 663.2430989794666, 511.9064458222128 668.5599044862902))",1
img1,44,"POLYGON ((264.8439091299661 320.8509780074237, 258.0317520750687 320.8509780074237, 258.0317520750687 314.3711212964263, 264.8439091299661 314.3711212964263, 264.8439091299661 320.8509780074237))",1
img1,45,"POLYGON ((182.9008596106432 220.314222517889, 175.5700064166449 220.314222517889, 175.5700064166449 216.554834540002, 179.4234004975297 216.554834540002, 179.4234004975297 211.855538879754, 182.9008596106432 211.855538879754, 182.9008596106432 216.554834540002, 182.9008596106432 220.314222517889))",1
img1,46,"POLYGON ((355.5895947725512 518.2715355146211, 350.6050896109082 518.2715355146211, 350.6050896109082 509.4655763939954, 355.5895947725512 509.4655763939954, 355.5895947725512 518.2715355146211))",1
img1,47,"POLYGON ((247.1212241109461 256.7170115916524, 244.2966711851768 256.7170115916524, 244.2966711851768 241.2650455866242, 247.1212241109461 241.2650455866242, 247.1212241109461 256.7170115916524))",1
img1,48,"POLYGON ((198.9376742104068 246.4157009209739, 198.9376742104068 256.3847112458898, 195.4485205970705 256.3847112458898, 195.4485205970705 254.2247590089682, 193.5654853126034 254.2247590089682, 193.5654853126034 250.0710047077155, 195.4485205970705 250.0710047077155, 195.4485205970705 246.4157009209739, 198.9376742104068 246.4157009209739))",1
img1,49,"POLYGON ((283.3253466025926 215.3770026643761, 278.0085410960019 215.3770026643761, 278.0085410960019 207.4017944070511, 283.3253466025926 207.4017944070511, 283.3253466025926 215.3770026643761))",1
img1,50,"POLYGON ((673.4958412279375 898.5970606631599, 672.9601459875703 902.6147749773227, 662.5938988970593 901.2326086994726, 663.1295941392891 897.2148943856591, 673.4958412279375 898.5970606631599))",1
img1,51,"POLYGON ((68.87862618127838 351.7769020968117, 61.23448729189113 351.7769020968117, 61.23448729189113 346.2630969968159, 68.87862618127838 346.2630969968159, 68.87862618127838 351.7769020968117))",1
img1,52,"POLYGON ((154.0790980327874 332.8477895543911, 154.0790980327874 336.4819212418515, 154.4550457731821 336.4819212418515, 154.4550457731821 339.7400668611517, 154.0790980327874 339.7400668611517, 154.0790980327874 341.3691524445312, 150.4449918963946 341.3691524445312, 150.4449918963946 339.7400668611517, 147.4374610716477 339.7400668611517, 147.4374610716477 336.4819212418515, 150.4449918963946 336.4819212418515, 150.4449918963946 332.8477895543911, 154.0790980327874 332.8477895543911))",1
img1,53,"POLYGON ((1004.415524193086 963.4281840518815, 997.6587505284697 963.4281840518815, 997.6587505284697 957.2252442924073, 1004.415524193086 957.2252442924073, 1004.415524193086 963.4281840518815))",1
img1,54,"POLYGON ((372.0384618076496 518.1053853398189, 364.7278542378917 518.1053853398189, 364.7278542378917 512.4562794913072, 372.0384618076496 512.4562794913072, 372.0384618076496 518.1053853398189))",1
img1,55,"POLYGON ((25.77334531815723 283.7992357775802, 22.59595176856965 287.5677723084809, 16.20495040295646 282.1792809650069, 19.38234395161271 278.4107444277033, 25.77334531815723 283.7992357775802))",1
img1,56,"POLYGON ((397.9650423433632 658.7787361619994, 387.7191150654107 658.7787361619994, 387.7191150654107 654.7634403362172, 397.9650423433632 654.7634403362172, 397.9650423433632 658.7787361619994))",1
img1,57,"POLYGON ((556.1931280661374 816.611430618912, 543.4549482082948 816.611430618912, 543.4549482082948 813.3991939569823, 556.1931280661374 813.3991939569823, 556.1931280661374 816.611430618912))",1
img1,58,"POLYGON ((423.0883672931232 789.5591858755797, 417.5727263349108 796.1779550248757, 413.9501078301109 793.1591062702937, 419.4657487878576 786.5403371208813, 423.0883672931232 789.5591858755797))",1
img1,59,"POLYGON ((615.3460507690907 1008.556416895473, 607.8692930261604 1008.556416895473, 607.8692930261604 1003.239611388533, 615.3460507690907 1003.239611388533, 615.3460507690907 1008.556416895473))",1
img1,60,"POLYGON ((388.6606327071786 379.6321397158317, 388.6606327071786 381.985933820717, 391.291343764402 381.985933820717, 391.291343764402 386.2781465987209, 386.4452970796265 386.2781465987209, 386.4452970796265 383.3705185854342, 382.8453766847961 383.3705185854342, 382.8453766847961 379.6321397158317, 388.6606327071786 379.6321397158317))",1
img1,61,"POLYGON ((443.4525749324821 619.379453552654, 435.3112165005878 619.379453552654, 435.3112165005878 614.5610985652311, 443.4525749324821 614.5610985652311, 443.4525749324821 619.379453552654))",1
img1,62,"POLYGON ((236.8503743046895 534.346103132586, 236.8503743046895 536.007604852668, 240.0349192698486 536.007604852668, 240.0349192698486 540.0755148988683, 242.4219434079714 540.0755148988683, 242.4219434079714 542.9831429113401, 239.9296908271499 542.9831429113401, 239.9296908271499 542.5151532574091, 236.8503743046895 542.5151532574091, 236.8503743046895 538.4998574353522, 234.0812047701329 538.4998574353522, 234.0812047701329 534.346103132586, 236.8503743046895 534.346103132586))",1
img1,63,"POLYGON ((637.1671067029238 961.8682185459184, 629.686070415657 966.4719331846572, 627.3642465504818 962.6989694068907, 634.8452828386799 958.095254768501, 637.1671067029238 961.8682185459184))",1
img1,64,"POLYGON ((447.7551721003838 629.3140800254187, 443.5460344078019 629.3140800254187, 443.5460344078019 620.120437171543, 447.7551721003838 620.120437171543, 447.7551721003838 629.3140800254187))",1
img1,65,"POLYGON ((636.6619178731926 281.2966219091322, 629.5728438650258 281.2966219091322, 629.5728438650258 275.8690496213967, 636.6619178731926 275.8690496213967, 636.6619178731926 281.2966219091322))",1
img1,66,"POLYGON ((121.4405968319625 210.1497715021251, 113.0445541134104 210.1497715021251, 113.0445541134104 206.5156781430123, 118.8089881953783 206.5156781430123, 118.8089881953783 203.5081345421495, 121.4405968319625 203.5081345421495, 121.4405968319625 206.5156781430123, 121.4405968319625 210.1497715021251))",1
img1,67,"POLYGON ((356.9938288452104 878.1910721090389, 353.2554499739781 878.1910721090389, 353.2554499739781 867.9451448330656, 356.9938288452104 867.9451448330656, 356.9938288452104 878.1910721090389))",1
img1,68,"POLYGON ((349.1422713627107 738.871518329368, 341.1670631021261 738.871518329368, 341.1670631021261 734.8839142017532, 345.65311774984 734.8839142017532, 345.65311774984 733.2224124806235, 349.3084215340205 733.2224124806235, 349.3084215340205 735.5485148890875, 349.1422713627107 735.5485148890875, 349.1422713627107 738.871518329368))",1
img1,69,"POLYGON ((412.7468693167903 176.6497052015038, 406.7931548203342 176.6497052015038, 406.7931548203342 170.2806152701378, 412.7468693167903 170.2806152701378, 412.7468693167903 176.6497052015038))",1
img1,70,"POLYGON ((133.7360961162485 226.6008167167893, 126.7185259875841 226.6008167167893, 126.7185259875841 221.2123253677273, 133.7360961162485 221.2123253677273, 133.7360961162485 226.6008167167893))",1
img1,71,"POLYGON ((149.7377811376937 445.8540170164779, 149.7377811376937 455.5464497460052, 146.4147776952013 455.6441851402633, 146.4147776952013 453.2615455202758, 144.4071297827177 453.2615455202758, 144.4071297827177 450.5616052246187, 146.4147776952013 450.5616052246187, 146.4147776952013 445.8540170164779, 149.7377811376937 445.8540170164779))",1
img1,72,"POLYGON ((895.1567863808013 591.9694750595372, 890.5876566502266 591.9694750595372, 890.5876566502266 583.8004249313381, 895.1567863808013 583.8004249313381, 895.1567863808013 591.9694750595372))",1
img1,73,"POLYGON ((515.8116671624593 420.7801528826822, 507.3933917777613 420.7801528826822, 507.3933917777613 416.3494816292077, 515.8116671624593 416.3494816292077, 515.8116671624593 420.7801528826822))",1
img1,74,"POLYGON ((99.44228937570006 328.0858988873661, 93.80317052267492 328.0858988873661, 93.80317052267492 321.5695837683743, 99.44228937570006 321.5695837683743, 99.44228937570006 328.0858988873661))",1
img1,75,"POLYGON ((633.2037328165025 662.2440749177476, 627.8038522219285 662.2440749177476, 627.8038522219285 655.4596095604356, 633.2037328165025 655.4596095604356, 633.2037328165025 662.2440749177476))",1
img1,76,"POLYGON ((461.4288697340526 249.0634885249892, 450.1306580342352 249.0634885249892, 450.1306580342352 245.8235601693159, 461.4288697340526 245.8235601693159, 461.4288697340526 249.0634885249892))",1
img1,77,"POLYGON ((183.0712701552548 467.1340529605513, 177.1175556574017 474.3338937521912, 174.1272418140434 471.8611342246877, 180.0809563118964 464.661293437588, 183.0712701552548 467.1340529605513))",1
img1,78,"POLYGON ((427.3805800708942 793.5744817007799, 423.5263088117354 799.8697914214572, 419.3499884223565 797.3128605723614, 423.2042596815154 791.0175508473767, 427.3805800708942 793.5744817007799))",1
img1,79,"POLYGON ((597.4812150462531 457.7259512868477, 597.4812150462531 460.0797453896375, 601.0811354415491 460.0797453896375, 601.0811354415491 462.9873734023422, 597.4812150462531 462.9873734023422, 597.4812150462531 464.0950412156526, 593.4659192212857 464.0950412156526, 593.4659192212857 457.7259512868477, 597.4812150462531 457.7259512868477))",1
img1,80,"POLYGON ((176.3055167221464 1003.302151677315, 176.3055167221464 1008.12050666695, 180.1269706808962 1008.12050666695, 180.1269706808962 1011.277359936619, 176.3055167221464 1011.277359936619, 176.3055167221464 1011.775810453109, 173.4809637977742 1011.775810453109, 173.4809637977742 1003.302151677315, 176.3055167221464 1003.302151677315))",1
img1,81,"POLYGON ((451.1977113606408 788.9204737182008, 446.1740883877501 795.0953436203999, 442.6686691944487 792.2434771584813, 447.6922921664082 786.0686072552344, 451.1977113606408 788.9204737182008))",1
img1,82,"POLYGON ((130.3004107419401 256.028662876226, 123.6587818711996 256.028662876226, 123.6587818711996 250.6401715300744, 130.3004107419401 250.6401715300744, 130.3004107419401 256.028662876226))",1
img1,83,"POLYGON ((446.988573668059 784.7113360235235, 441.6604097238742 790.9661371766124, 438.3487647199072 788.1451062475098, 443.6769286645576 781.890305096982, 446.988573668059 784.7113360235235))",1
img1,84,"POLYGON ((459.4549266463146 797.8408054820029, 456.9976588198915 800.5148910568096, 454.0922790449113 797.8450826168992, 451.6611126996577 800.4907636409625, 449.4881645566784 798.4940004821401, 454.3765987278894 793.1742338862969, 456.5495468708687 795.1709970412776, 459.4549266463146 797.8408054820029))",1
img1,85,"POLYGON ((518.3224270367064 957.3683180512162, 514.944040204864 957.3683180512162, 514.944040204864 946.8454738202272, 518.3224270367064 946.8454738202272, 518.3224270367064 957.3683180512162))",1
img1,86,"POLYGON ((996.6883412147872 763.3156245388091, 996.6883412147872 765.9972883195151, 1002.293324959464 765.9972883195151, 1002.293324959464 769.4864419312216, 996.6883412147872 769.4864419312216, 996.6883412147872 769.7124061651994, 994.1960886339657 769.7124061651994, 994.1960886339657 763.3156245388091, 996.6883412147872 763.3156245388091))",1
img1,87,"POLYGON ((442.0903742914088 599.3246662605088, 442.0903742914088 602.1492191853467, 436.7735687848181 602.1492191853467, 436.7735687848181 599.3246662605088, 435.6105175809935 599.3246662605088, 435.6105175809935 596.7493385925191, 443.5026507549919 596.7493385925191, 443.5026507549919 599.3246662605088, 442.0903742914088 599.3246662605088))",1
img1,88,"POLYGON ((880.757104802411 591.2771826746175, 872.0342207695358 591.2771826746175, 872.0342207695358 587.2618868486024, 880.757104802411 587.2618868486024, 880.757104802411 591.2771826746175))",1
img1,89,"POLYGON ((443.7848752732389 562.2237943632063, 437.6373189077713 562.2237943632063, 437.6373189077713 556.5746885144617, 443.7848752732389 556.5746885144617, 443.7848752732389 562.2237943632063))",1
img1,90,"POLYGON ((400.7009818428196 231.2023450275883, 400.7009818428196 233.2792221779237, 404.7162776691839 233.2792221779237, 404.7162776691839 237.5714349561604, 397.7933538327925 237.5714349561604, 397.7933538327925 233.2792221779237, 398.3471877397969 233.2792221779237, 398.3471877397969 231.2023450275883, 400.7009818428196 231.2023450275883))",1
img1,91,"POLYGON ((814.9857745971531 845.6005742002744, 810.2228029975668 845.6005742002744, 810.2228029975668 838.4007334102644, 814.9857745971531 838.4007334102644, 814.9857745971531 845.6005742002744))",1
img1,92,"POLYGON ((366.5215793605894 799.4166410350008, 359.709422307089 799.4166410350008, 359.709422307089 794.4321358683519, 366.5215793605894 794.4321358683519, 366.5215793605894 799.4166410350008))",1
img1,93,"POLYGON ((121.0888596558943 359.158161542262, 115.9965970376506 359.158161542262, 115.9965970376506 354.0075062108226, 121.0888596558943 354.0075062108226, 123.8580291899852 354.0075062108226, 123.8580291899852 356.7894521878334, 121.0888596558943 356.7894521878334, 121.0888596558943 359.158161542262))",1
img1,94,"POLYGON ((658.1506734597497 281.2966219091322, 651.5046665784903 281.2966219091322, 651.5046665784903 276.2013499632012, 658.1506734597497 276.2013499632012, 658.1506734597497 281.2966219091322))",1
img1,95,"POLYGON ((186.4182587424293 581.4972143227933, 180.270702376496 581.4972143227933, 180.270702376496 576.0142586436123, 186.4182587424293 576.0142586436123, 186.4182587424293 581.4972143227933))",1
img1,96,"POLYGON ((623.483947750181 619.9034727372928, 616.5610239137895 619.9034727372928, 616.5610239137895 615.057426048792, 623.483947750181 615.057426048792, 623.483947750181 619.9034727372928))",1
img1,97,"POLYGON ((890.7399148270488 780.8167759986827, 880.6878294171765 780.8167759986827, 880.6878294171765 777.4937725556083, 890.7399148270488 777.4937725556083, 890.7399148270488 780.8167759986827))",1
img1,98,"POLYGON ((232.5948873781599 678.2420320529491, 227.4442320433445 678.2420320529491, 227.4442320433445 671.762175341486, 232.5948873781599 671.762175341486, 232.5948873781599 678.2420320529491))",1
img1,99,"POLYGON ((854.2069072970189 930.7495374496793, 850.1916114715859 930.7495374496793, 850.1916114715859 922.4420288464753, 854.2069072970189 922.4420288464753, 854.2069072970189 930.7495374496793))",1
img1,100,"POLYGON ((572.486413912382 733.6349270166829, 567.8342090947554 733.6349270166829, 567.8342090947554 726.4904696195154, 572.486413912382 726.4904696195154, 572.486413912382 733.6349270166829))",1
img1,101,"POLYGON ((399.6126982141286 269.8991816330235, 394.6281930506229 269.8991816330235, 394.6281930506229 263.2531747489702, 399.6126982141286 263.2531747489702, 399.6126982141286 269.8991816330235))",1
img1,102,"POLYGON ((426.8204066897742 270.5881200943841, 421.3374510114081 270.5881200943841, 421.3374510114081 264.5513305081986, 426.8204066897742 264.5513305081986, 426.8204066897742 270.5881200943841))",1
img1,103,"POLYGON ((494.0552251879126 714.0236683756812, 491.009138699621 714.0236683756812, 491.009138699621 705.9930767258629, 492.0697306310758 705.9930767258629, 492.0697306310758 704.7247970771277, 496.3065600199625 704.7247970771277, 496.3065600199625 707.3831998320529, 494.0552251879126 707.3831998320529, 494.0552251879126 714.0236683756812))",1
img1,104,"POLYGON ((339.0924980388954 377.4168040880468, 333.0003250632435 377.4168040880468, 333.0003250632435 372.0169234934729, 339.0924980388954 372.0169234934729, 339.0924980388954 377.4168040880468))",1
img1,105,"POLYGON ((821.5125687196851 431.0636947153835, 821.5125687196851 435.4943659724668, 822.2048611035571 435.4943659724668, 822.2048611035571 438.1250770294573, 819.297233090736 438.1250770294573, 819.297233090736 435.4943659724668, 815.8357711727731 435.4943659724668, 815.8357711727731 431.0636947153835, 821.5125687196851 431.0636947153835))",1
img1,106,"POLYGON ((186.4182587424293 574.0204565809108, 179.1076511717401 574.0204565809108, 179.1076511717401 569.534401932382, 186.4182587424293 569.534401932382, 186.4182587424293 574.0204565809108))",1
img1,107,"POLYGON ((329.3683284502476 528.1154716791352, 326.5059357932769 535.6923934211954, 322.7223215680569 534.2630280470476, 325.5847142250277 526.6861063052202, 329.3683284502476 528.1154716791352))",1
img1,108,"POLYGON ((824.6121924868785 992.9106090269051, 814.7816406399943 992.9106090269051, 814.7816406399943 989.5876055840636, 824.6121924868785 989.5876055840636, 824.6121924868785 992.9106090269051))",1
img1,109,"POLYGON ((90.33909462485462 499.3682182668708, 85.76996489334852 499.3682182668708, 85.76996489334852 492.2376067157602, 90.33909462485462 492.2376067157602, 90.33909462485462 499.3682182668708))",1
img1,110,"POLYGON ((710.1573388162069 410.312230515643, 703.719019650016 410.312230515643, 703.719019650016 405.2584961178945, 710.1573388162069 405.2584961178945, 710.1573388162069 410.312230515643))",1
img1,111,"POLYGON ((18.95942960120738 60.92195377277676, 14.63952512852848 60.92195377277676, 14.63952512852848 53.44519602856599, 18.95942960120738 53.44519602856599, 18.95942960120738 60.92195377277676))",1
img1,112,"POLYGON ((221.0640266370028 886.1927221501246, 210.2642654534429 886.1927221501246, 210.2642654534429 883.2020190554904, 221.0640266370028 883.2020190554904, 221.0640266370028 886.1927221501246))",1
img1,113,"POLYGON ((447.4999469756149 197.1415597550804, 440.4385646642186 197.1415597550804, 440.4385646642186 192.5724300224101, 447.4999469756149 192.5724300224101, 447.4999469756149 197.1415597550804))",1
img1,114,"POLYGON ((601.7886183941737 837.1748653661925, 597.4687139200978 837.1748653661925, 597.4687139200978 829.7534910156392, 601.7886183941737 829.7534910156392, 601.7886183941737 837.1748653661925))",1
img1,115,"POLYGON ((194.7204941250384 887.1908730959985, 188.4898626734503 887.1908730959985, 188.4898626734503 882.0679094563238, 194.7204941250384 882.0679094563238, 194.7204941250384 887.1908730959985))",1
img1,116,"POLYGON ((71.57797102816403 364.4958160923561, 67.25806655455381 368.7326454793802, 59.86438389727846 365.6588672952494, 61.35973544698209 363.0004645421868, 67.09191638184711 365.7419423842803, 69.83339422242716 362.9173894568812, 71.57797102816403 364.4958160923561))",1
img1,117,"POLYGON ((451.8253897870891 437.5354746807134, 446.5085842804983 437.5354746807134, 446.5085842804983 431.5540684856242, 451.8253897870891 431.5540684856242, 451.8253897870891 437.5354746807134))",1
img1,118,"POLYGON ((98.98615692323074 293.2388143085409, 94.82814189791679 293.2388143085409, 94.82814189791679 290.1379877110012, 94.82814189791679 285.6266926282551, 97.96098570432514 285.6266926282551, 98.98615692323074 285.6266926282551, 98.98615692323074 293.2388143085409))",1
img1,119,"POLYGON ((247.9602824770845 509.4761915442068, 243.114235792309 509.4761915442068, 243.114235792309 502.9686431355076, 247.9602824770845 502.9686431355076, 247.9602824770845 509.4761915442068))",1
img1,120,"POLYGON ((91.24193619983271 711.4102216820465, 86.94972342066467 711.4102216820465, 86.94972342066467 704.0719224148197, 91.24193619983271 704.0719224148197, 91.24193619983271 711.4102216820465))",1
img1,121,"POLYGON ((13.76697462797165 110.9615014462033, 9.631620803382248 110.9615014462033, 9.631620803382248 103.3486909973435, 13.76697462797165 103.3486909973435, 13.76697462797165 110.9615014462033))",1
img1,122,"POLYGON ((361.0725504523143 554.6584231967572, 356.088045291137 554.6584231967572, 356.088045291137 548.3447166578844, 361.0725504523143 548.3447166578844, 361.0725504523143 554.6584231967572))",1
img1,123,"POLYGON ((612.7692782157101 584.0528963955585, 605.4309789491817 588.4835676538059, 603.5398810692132 585.3514367863536, 610.8781803357415 580.9207655327627, 612.7692782157101 584.0528963955585))",1
img1,124,"POLYGON ((8.96192709216848 14.4121866467176, 1.819043214432895 14.4121866467176, 1.819043214432895 10.02620531711727, 8.96192709216848 10.02620531711727, 8.96192709216848 14.4121866467176))",1
img1,125,"POLYGON ((865.4820887302049 192.2955130710034, 865.4820887302049 198.4430694347247, 861.9098600312136 198.4430694347247, 861.9098600312136 196.8646428011125, 858.1714811581187 196.8646428011125, 858.1714811581187 194.3723902214551, 861.9098600312136 194.3723902214551, 861.9098600312136 192.2955130710034, 865.4820887302049 192.2955130710034))",1
img1,126,"POLYGON ((243.2997701517306 237.7758919746848, 238.4814151609316 237.7758919746848, 238.4814151609316 231.2960352632217, 243.2997701517306 231.2960352632217, 243.2997701517306 237.7758919746848))",1
img1,127,"POLYGON ((752.4060968807898 601.3846514746547, 748.1191918300465 605.8303307860624, 744.5139637081884 602.3538608129602, 748.8008687603287 597.9081815005047, 752.4060968807898 601.3846514746547))",1
img1,128,"POLYGON ((369.5462092263624 547.1816654509166, 362.9002023446374 547.1816654509166, 362.9002023446374 542.5294606358511, 369.5462092263624 542.5294606358511, 369.5462092263624 547.1816654509166))",1
img1,129,"POLYGON ((404.7534023635089 415.6153208008036, 398.5947693176568 415.6153208008036, 398.5947693176568 410.6086622801377, 404.7534023635089 410.6086622801377, 404.7534023635089 415.6153208008036))",1
img1,130,"POLYGON ((228.4411330767907 621.4186732080998, 224.8855411056429 621.8065559669631, 223.9550784304738 613.2773147749249, 227.5106704016216 612.8894320135005, 228.4411330767907 621.4186732080998))",1
img1,131,"POLYGON ((442.6218240689486 609.4104432306485, 436.4742677030154 609.4104432306485, 436.4742677030154 604.4259380671429, 442.6218240689486 604.4259380671429, 442.6218240689486 609.4104432306485))",1
img1,132,"POLYGON ((258.3481640485115 688.7094928915612, 258.3481640485115 691.7001959903864, 260.6742664566264 691.7001959903864, 260.6742664566264 695.3554997759638, 258.3481640485115 695.3554997759638, 255.0251606074162 695.3554997759638, 255.0251606074162 688.7094928915612, 258.3481640485115 688.7094928915612))",1
img1,133,"POLYGON ((442.4556738990359 630.6776652534027, 435.0586682390422 631.7343803475378, 434.4804656398483 627.6869621574879, 441.8774712993763 626.6302470635856, 442.4556738990359 630.6776652534027))",1
img1,134,"POLYGON ((547.276402163785 827.2450416311622, 544.8066462622955 829.8600772924256, 538.6365932160988 824.0328049705131, 541.1063491199166 821.4177693094825, 547.276402163785 827.2450416311622))",1
img1,135,"POLYGON ((195.5240856925957 496.7114719633246, 189.847288148012 501.9728940811474, 187.1770111960359 499.0918057883391, 192.8538087410852 493.8303836721461, 195.5240856925957 496.7114719633246))",1
img1,136,"POLYGON ((267.0897056204267 645.9159436728805, 262.0953301512636 650.0022508754628, 259.1144973617047 646.3590107997879, 264.1088728304021 642.2727035969729, 267.0897056204267 645.9159436728805))",1
img1,137,"POLYGON ((3.698749496601522 26.44230686558876, -0.937859337776899 26.44230686558876, -0.937859337776899 19.92599174787756, 3.698749496601522 19.92599174787756, 3.698749496601522 26.44230686558876))",1
img1,138,"POLYGON ((406.0454790447839 180.3880840723868, 402.5840171272866 180.3880840723868, 402.5840171272866 171.6652000389295, 406.0454790447839 171.6652000389295, 406.0454790447839 180.3880840723868))",1
img1,139,"POLYGON ((395.9336257213727 610.5734944344731, 389.4537690104917 610.5734944344731, 389.4537690104917 605.9212896156823, 395.9336257213727 605.9212896156823, 395.9336257213727 610.5734944344731))",1
img1,140,"POLYGON ((541.8787830481306 544.5361854915973, 538.3896294338629 544.5361854915973, 538.3896294338629 535.8963765456574, 541.8787830481306 535.8963765456574, 541.8787830481306 544.5361854915973))",1
img1,141,"POLYGON ((177.3281828351319 456.7927411638666, 173.589803963434 456.7927411638666, 173.589803963434 448.7621495135827, 177.3281828351319 448.7621495135827, 177.3281828351319 456.7927411638666))",1
img1,142,"POLYGON ((396.4419990978204 677.1937135669868, 391.7344108899124 677.1937135669868, 391.7344108899124 670.8246236372506, 396.4419990978204 670.8246236372506, 396.4419990978204 677.1937135669868))",1
img1,143,"POLYGON ((622.265513156075 859.9212421370903, 618.1671422463842 859.9212421370903, 618.1671422463842 852.6106345650041, 622.265513156075 852.6106345650041, 622.265513156075 859.9212421370903))",1
img1,144,"POLYGON ((728.7800039355643 445.6883713204879, 728.7800039355643 446.7960391343804, 731.6876319460571 446.7960391343804, 731.6876319460571 449.3575209534029, 728.7800039355643 449.3575209534029, 728.7800039355643 450.5344180066604, 724.1416449644603 450.5344180066604, 724.1416449644603 445.6883713204879, 728.7800039355643 445.6883713204879))",1
img1,145,"POLYGON ((619.8286439669318 851.281433191034, 614.7333720242605 851.281433191034, 614.7333720242605 845.4107937754598, 619.8286439669318 845.4107937754598, 619.8286439669318 851.281433191034))",1
img1,146,"POLYGON ((313.8686286290176 826.1860682519618, 306.059570542071 826.1860682519618, 306.059570542071 822.3646142950747, 313.8686286290176 822.3646142950747, 313.8686286290176 826.1860682519618))",1
img1,147,"POLYGON ((144.9882861650549 604.5318158585578, 141.9975830684416 604.5318158585578, 141.9975830684416 594.5628055346897, 144.9882861650549 594.5628055346897, 144.9882861650549 604.5318158585578))",1
img1,148,"POLYGON ((383.9807361937128 680.5167170064524, 378.1654801713303 680.5167170064524, 378.1654801713303 675.3937533699209, 383.9807361937128 675.3937533699209, 383.9807361937128 680.5167170064524))",1
img1,149,"POLYGON ((251.144827441778 497.8456794996746, 247.1477801850997 499.9441293090349, 244.0834451289847 494.1073006276274, 248.0804923851974 492.0088508165209, 251.144827441778 497.8456794996746))",1
img1,150,"POLYGON ((1007.779553053901 1000.225462079863, 1005.121150300838 1000.225462079863, 1005.121150300838 989.0380171593279, 1007.779553053901 989.0380171593279, 1007.779553053901 1000.225462079863))",1
img1,151,"POLYGON ((924.1360994130373 815.6252370458096, 923.3285915818997 819.3397730665747, 915.6856836662628 817.6782713483553, 916.4931914974004 813.9637353235157, 924.1360994130373 815.6252370458096))",1
img1,152,"POLYGON ((657.544733023271 616.8296945558395, 652.5602278616279 616.8296945558395, 652.5602278616279 610.8759800579865, 657.544733023271 610.8759800579865, 657.544733023271 616.8296945558395))",1
img1,153,"POLYGON ((109.467389555648 338.8628815852571, 103.5776431984268 338.8628815852571, 103.5776431984268 333.8503314920235, 109.467389555648 333.8503314920235, 109.467389555648 338.8628815852571))",1
img1,154,"POLYGON ((625.3231378505006 1002.575010701548, 620.4338035057299 1007.85034512484, 617.4310046765022 1005.067263283767, 622.320339019876 999.7919288608246, 625.3231378505006 1002.575010701548))",1
img1,155,"POLYGON ((817.8831105185673 973.6648807610618, 813.2309057009406 973.6648807610618, 813.2309057009406 967.3511742225382, 817.8831105185673 967.3511742225382, 817.8831105185673 973.6648807610618))",1
img1,156,"POLYGON ((12.19722969550639 282.844796214602, 9.941582156345248 290.9901901079575, 6.600341219455004 290.064923391561, 8.855988759547472 281.9195294904057, 12.19722969550639 282.844796214602))",1
img1,157,"POLYGON ((959.9931987999007 212.5429884131299, 953.9010258228518 212.5429884131299, 953.9010258228518 207.7800168134272, 959.9931987999007 207.7800168134272, 959.9931987999007 212.5429884131299))",1
img1,158,"POLYGON ((583.1648393324576 832.6726139171515, 576.6895902235992 836.9150185042527, 574.6357971653342 833.7802817305783, 581.1110462718643 829.5378771423129, 583.1648393324576 832.6726139171515))",1
img1,159,"POLYGON ((252.1161480112933 826.4076018157648, 244.6393902688287 826.4076018157648, 244.6393902688287 822.530764466268, 252.1161480112933 822.530764466268, 252.1161480112933 826.4076018157648))",1
img1,160,"POLYGON ((446.8076545922086 173.7420771877514, 439.053979894612 173.7420771877514, 439.053979894612 170.0036983166356, 446.8076545922086 170.0036983166356, 446.8076545922086 173.7420771877514))",1
img1,161,"POLYGON ((136.3154708505608 259.9133891972015, 136.3154708505608 261.5424679764546, 139.323000903707 261.5424679764546, 139.323000903707 267.933469341835, 136.3154708505608 267.933469341835, 136.3154708505608 263.2968605072238, 133.4332545478828 263.2968605072238, 133.4332545478828 259.9133891972015, 136.3154708505608 259.9133891972015))",1
img1,162,"POLYGON ((631.1266248896718 481.9561847127043, 627.1113290647045 481.9561847127043, 627.1113290647045 474.7563439222286, 631.1266248896718 474.7563439222286, 631.1266248896718 481.9561847127043))",1
img1,163,"POLYGON ((808.4233504734002 199.7722708142828, 804.1865210845135 199.7722708142828, 804.1865210845135 192.9601137585705, 808.4233504734002 192.9601137585705, 808.4233504734002 199.7722708142828))",1
img1,164,"POLYGON ((981.3711876063608 216.3921340643428, 972.8018021797761 219.458244446665, 971.7344776252285 216.4752091504633, 980.3038630508818 213.4090987715172, 981.3711876063608 216.3921340643428))",1
img1,165,"POLYGON ((665.6860914574936 846.4076948078582, 660.4800527328625 846.4076948078582, 660.4800527328625 840.8693557406077, 665.6860914574936 840.8693557406077, 665.6860914574936 846.4076948078582))",1
img1,166,"POLYGON ((678.5888061244041 420.1427823638078, 672.9812378166243 420.1427823638078, 672.9812378166243 415.0198187266942, 678.5888061244041 415.0198187266942, 678.5888061244041 420.1427823638078))",1
img1,167,"POLYGON ((982.2055845488794 907.6724323694361, 978.7164309346117 907.6724323694361, 978.7164309346117 899.4479988511885, 982.2055845488794 899.4479988511885, 982.2055845488794 907.6724323694361))",1
img1,168,"POLYGON ((811.4504681592807 781.2912270448869, 805.1367616197094 781.2912270448869, 805.1367616197094 776.7497890072409, 811.4504681592807 776.7497890072409, 811.4504681592807 781.2912270448869))",1
img1,169,"POLYGON ((203.9353284840472 877.9267510910286, 201.3876925129443 877.9267510910286, 201.3876925129443 866.7393061704934, 203.9353284840472 866.7393061704934, 203.9353284840472 877.9267510910286))",1
img1,170,"POLYGON ((368.2474687146023 533.930727701867, 364.2598645854741 533.930727701867, 364.2598645854741 526.7862703052815, 368.2474687146023 526.7862703052815, 368.2474687146023 533.930727701867))",1
img1,171,"POLYGON ((548.5112190283835 692.9800549742067, 546.5993092632852 695.0558427183423, 544.3914438579232 693.0222824766533, 542.2387750865892 691.0395612388384, 546.8705716752447 686.0107535148272, 549.0232404465787 687.993474752293, 546.3033536211587 690.9464947337983, 548.5112190283835 692.9800549742067))",1
img1,172,"POLYGON ((144.4898356478661 617.0761538497172, 141.6652827239595 617.0761538497172, 141.6652827239595 607.0240684414748, 144.4898356478661 607.0240684414748, 144.4898356478661 617.0761538497172))",1
img1,173,"POLYGON ((311.3659573076293 323.3432305876631, 304.5538002531976 323.3432305876631, 304.5538002531976 319.1894762866432, 311.3659573076293 319.1894762866432, 311.3659573076293 323.3432305876631))",1
img1,174,"POLYGON ((410.2546167387627 207.0828783833422, 405.9347122637555 207.0828783833422, 405.9347122637555 200.5476382842753, 410.2546167387627 200.5476382842753, 410.2546167387627 207.0828783833422))",1
img1,175,"POLYGON ((396.4419990978204 669.4400388688082, 392.0113278436475 669.4400388688082, 392.0113278436475 663.0709489400033, 396.4419990978204 663.0709489400033, 396.4419990978204 669.4400388688082))",1
img1,176,"POLYGON ((67.12815816421062 736.6529064399656, 63.8293106588535 737.08608843619, 62.72517860401422 728.6776981803123, 66.02402611123398 728.2445161856012, 67.12815816421062 736.6529064399656))",1
img1,177,"POLYGON ((412.0970375342295 802.5447878252016, 407.5555994971655 802.5447878252016, 407.5555994971655 796.3418480680557, 412.0970375342295 796.3418480680557, 412.0970375342295 802.5447878252016))",1
img1,178,"POLYGON ((242.8341521187685 551.7493566188496, 237.1628929101862 551.7493566188496, 237.1628929101862 546.7870048123877, 242.8341521187685 546.7870048123877, 242.8341521187685 551.7493566188496))",1
img1,179,"POLYGON ((96.3014936982654 283.7655722020427, 89.53455107705668 287.900926029426, 87.6852580178529 284.874810115085, 94.45220063999295 280.7394562859554, 96.3014936982654 283.7655722020427))",1
img1,180,"POLYGON ((392.6106222788803 602.9305865188362, 387.792267288547 602.9305865188362, 387.792267288547 597.1153304958716, 392.6106222788803 597.1153304958716, 392.6106222788803 602.9305865188362))",1
img1,181,"POLYGON ((204.5510459728539 895.4706900035962, 196.908138057217 895.4706900035962, 196.908138057217 891.8153862195322, 204.5510459728539 891.8153862195322, 204.5510459728539 895.4706900035962))",1
img1,182,"POLYGON ((190.0763316997327 331.983039538376, 185.4241268830374 331.983039538376, 185.4241268830374 326.0016333418898, 190.0763316997327 326.0016333418898, 190.0763316997327 331.983039538376))",1
img1,183,"POLYGON ((969.4132212772965 962.7635833648965, 965.3148503662087 962.7635833648965, 965.3148503662087 956.0068096991163, 969.4132212772965 956.0068096991163, 969.4132212772965 962.7635833648965))",1
img1,184,"POLYGON ((420.7774609685875 170.9729076537769, 415.9314142842777 170.9729076537769, 415.9314142842777 165.2961101077963, 420.7774609685875 165.2961101077963, 420.7774609685875 170.9729076537769))",1
img1,185,"POLYGON ((795.7123546372168 826.2163874583784, 792.167817633599 826.2163874583784, 792.167817633599 818.4627127613639, 795.7123546372168 818.4627127613639, 795.7123546372168 826.2163874583784))",1
img1,186,"POLYGON ((153.0765753481537 318.4367399624316, 146.4349464783445 318.4367399624316, 146.4349464783445 314.3013861371437, 153.0765753481537 314.3013861371437, 153.0765753481537 318.4367399624316))",1
img1,187,"POLYGON ((412.0806532748975 534.9031677370658, 408.4807328814641 534.9031677370658, 408.4807328814641 527.287951518083, 412.0806532748975 527.287951518083, 412.0806532748975 534.9031677370658))",1
img1,188,"POLYGON ((442.9640472768806 673.1784177405061, 435.9026649636216 673.1784177405061, 435.9026649636216 669.3015803940361, 442.9640472768806 669.3015803940361, 442.9640472768806 673.1784177405061))",1
img1,189,"POLYGON ((12.45906294463202 760.4245224383194, 8.582225597929209 760.4245224383194, 8.582225597929209 753.3631401268067, 12.45906294463202 753.3631401268067, 12.45906294463202 760.4245224383194))",1
img1,190,"POLYGON ((9.136059504002333 791.1623042727588, 4.843846724834293 791.1623042727588, 4.843846724834293 784.7932143439539, 9.136059504002333 784.7932143439539, 9.136059504002333 791.1623042727588))",1
img1,191,"POLYGON ((716.1126686763018 606.3068503258983, 709.7435787487775 606.3068503258983, 709.7435787487775 602.0146375473123, 716.1126686763018 602.0146375473123, 716.1126686763018 606.3068503258983))",1
img1,192,"POLYGON ((293.4605070999824 242.9487006644486, 286.6760417413898 242.9487006644486, 286.6760417413898 238.9334048372693, 293.4605070999824 238.9334048372693, 293.4605070999824 242.9487006644486))",1
img1,193,"POLYGON ((9.212554596364498 26.06636560882907, 4.951887019444257 26.06636560882907, 4.951887019444257 19.67536424007267, 9.212554596364498 19.67536424007267, 9.212554596364498 26.06636560882907))",1
img1,194,"POLYGON ((134.3019738644361 287.130457655061, 130.9185025533661 287.130457655061, 130.9185025533661 279.1103775098454, 134.3019738644361 279.1103775098454, 134.3019738644361 287.130457655061))",1
img1,195,"POLYGON ((1010.284963630605 812.5514588635415, 1010.284963630605 818.2005647137994, 1007.128110359889 818.2005647137994, 1007.128110359889 815.2098616155563, 1003.638956747018 815.2098616155563, 1003.638956747018 812.5514588635415, 1007.128110359889 812.5514588635415, 1008.872687167954 812.5514588635415, 1010.284963630605 812.5514588635415))",1
img2,197,"POLYGON ((643.0863911923952 280.9643215629039, 637.4372853427194 280.9643215629039, 637.4372853427194 276.2013499632012, 643.0863911923952 276.2013499632012, 643.0863911923952 280.9643215629039))",1
img3,198,"POLYGON ((714.2749546477571 580.5687906001695, 714.076596904546 584.1392299903091, 706.5676315897144 583.7220652502729, 706.7659893329255 580.1516258593183, 714.2749546477571 580.5687906001695))",1
img4,199,"POLYGON ((127.7941356967203 268.1840968462639, 124.0347231281921 268.1840968462639, 124.0347231281921 261.0412129649194, 127.7941356967203 261.0412129649194, 127.7941356967203 268.1840968462639))",1
img5,200,"POLYGON ((493.9622272411361 668.5599044862902, 488.6918527418748 673.4538236628287, 486.1531691527925 670.7198567225132, 491.4235436529852 665.8259375453927, 493.9622272411361 668.5599044862902))",1
